{
  "model/models.js": 1679571076708,
  "controller/App.controller.js": 1679571076704,
  "utils/locate-reuse-libs.js": 1679571076708,
  "i18n/i18n.properties": 1679571076708,
  "model/formatter.js": 1679571076708,
  "controller/Worklist.controller.js": 1679571076708,
  "controller/Object.controller.js": 1679571076708,
  "controller/NotFound.controller.js": 1679571076704,
  "controller/ErrorHandler.js": 1679571076704,
  "controller/BaseController.js": 1679571076704,
  "manifest.json": 1679646742796,
  "Component.js": 1679571076704,
  "Component-preload.js": 1679646743088,
  "controller/Worklist-dbg.controller.js": 1679571076708,
  "model/models-dbg.js": 1679571076708,
  "model/formatter-dbg.js": 1679571076708,
  "utils/locate-reuse-libs-dbg.js": 1679571076708,
  "controller/Object-dbg.controller.js": 1679571076708,
  "controller/NotFound-dbg.controller.js": 1679571076704,
  "controller/ErrorHandler-dbg.js": 1679571076704,
  "controller/BaseController-dbg.js": 1679571076704,
  "controller/App-dbg.controller.js": 1679571076704,
  "Component-dbg.js": 1679571076704,
  "view/Worklist.view.xml": 1679571076712,
  "view/ObjectNotFound.view.xml": 1679571076712,
  "view/Object.view.xml": 1679571076712,
  "view/NotFound.view.xml": 1679571076712,
  "view/App.view.xml": 1679571076708,
  "index.html": 1679571076708
}